{
  "project_info": {
    "project_number": "724139786905",
    "firebase_url": "https://mycleanbag.firebaseio.com",
    "project_id": "mycleanbag",
    "storage_bucket": "mycleanbag.appspot.com"
  },
  "client": [
    {
      "client_info": {
        "mobilesdk_app_id": "1:724139786905:android:62c6afc7c9adf704",
        "android_client_info": {
          "package_name": "com.laundrhouz.android"
        }
      },
      "oauth_client": [
        {
          "client_id": "724139786905-dnrar31oo85ds83posslkvoaej2c7pvs.apps.googleusercontent.com",
          "client_type": 1,
          "android_info": {
            "package_name": "com.laundrhouz.android",
            "certificate_hash": "4acc7154f9f02c714c37e3eaa5a7bbf4e2700809"
          }
        },
        {
          "client_id": "724139786905-jlspllpn4jo30bmem057qo6a7vpid61v.apps.googleusercontent.com",
          "client_type": 3
        }
      ],
      "api_key": [
        {
          "current_key": "AIzaSyA32-G0k32yRxe71e_vQcltZO0MrtOy6QQ"
        }
      ],
      "services": {
        "appinvite_service": {
          "other_platform_oauth_client": [
            {
              "client_id": "724139786905-jlspllpn4jo30bmem057qo6a7vpid61v.apps.googleusercontent.com",
              "client_type": 3
            }
          ]
        }
      }
    },
    {
      "client_info": {
        "mobilesdk_app_id": "1:724139786905:android:2c63ebd31109d16e",
        "android_client_info": {
          "package_name": "com.mycleanbag.android"
        }
      },
      "oauth_client": [
        {
          "client_id": "724139786905-hivlsa6mibreph3c2mo5qeu5olurom9g.apps.googleusercontent.com",
          "client_type": 1,
          "android_info": {
            "package_name": "com.mycleanbag.android",
            "certificate_hash": "f6d0882d25dbd128569f40cfe1b241cf40238bcd"
          }
        },
        {
          "client_id": "724139786905-tkkakhb51r8oam0rmpj0u3188uqeke29.apps.googleusercontent.com",
          "client_type": 1,
          "android_info": {
            "package_name": "com.mycleanbag.android",
            "certificate_hash": "4acc7154f9f02c714c37e3eaa5a7bbf4e2700809"
          }
        },
        {
          "client_id": "724139786905-jlspllpn4jo30bmem057qo6a7vpid61v.apps.googleusercontent.com",
          "client_type": 3
        }
      ],
      "api_key": [
        {
          "current_key": "AIzaSyA32-G0k32yRxe71e_vQcltZO0MrtOy6QQ"
        }
      ],
      "services": {
        "appinvite_service": {
          "other_platform_oauth_client": [
            {
              "client_id": "724139786905-jlspllpn4jo30bmem057qo6a7vpid61v.apps.googleusercontent.com",
              "client_type": 3
            }
          ]
        }
      }
    }
  ],
  "configuration_version": "1"
}